what,kind,bundleId,bundleVersion,description,time
executed,command,org.eclipse.ui,3.6.1.M20100826-1330,"org.eclipse.ui.file.save",1288829090644
activated,view,org.eclipse.jdt.ui,3.6.1.r361_v20100825-0800,"org.eclipse.jdt.ui.PackageExplorer",1288829095447
deactivated,workbench,org.eclipse.ui.workbench,3.6.1.M20100826-1330,"",1288829096720
activated,workbench,org.eclipse.ui.workbench,3.6.1.M20100826-1330,"",1288829102971
activated,editor,org.eclipse.jdt.ui,3.6.1.r361_v20100825-0800,"org.eclipse.jdt.ui.CompilationUnitEditor",1288829108858
activated,view,org.eclipse.jdt.ui,3.6.1.r361_v20100825-0800,"org.eclipse.jdt.ui.PackageExplorer",1288829121927
deactivated,workbench,org.eclipse.ui.workbench,3.6.1.M20100826-1330,"",1288829136135
activated,workbench,org.eclipse.ui.workbench,3.6.1.M20100826-1330,"",1288829138979
activated,editor,org.eclipse.jdt.ui,3.6.1.r361_v20100825-0800,"org.eclipse.jdt.ui.CompilationUnitEditor",1288829149963
activated,editor,org.eclipse.jdt.ui,3.6.1.r361_v20100825-0800,"org.eclipse.jdt.ui.CompilationUnitEditor",1288829160032
activated,editor,org.eclipse.jdt.ui,3.6.1.r361_v20100825-0800,"org.eclipse.jdt.ui.CompilationUnitEditor",1288829161928
executed,command,org.eclipse.ui,3.6.1.M20100826-1330,"org.eclipse.ui.file.save",1288829184568
deactivated,workbench,org.eclipse.ui.workbench,3.6.1.M20100826-1330,"",1288829216867
activated,workbench,org.eclipse.ui.workbench,3.6.1.M20100826-1330,"",1288829222018
opened,editor,org.eclipse.jdt.ui,3.6.1.r361_v20100825-0800,"org.eclipse.jdt.ui.CompilationUnitEditor",1288829222209
activated,editor,org.eclipse.jdt.ui,3.6.1.r361_v20100825-0800,"org.eclipse.jdt.ui.CompilationUnitEditor",1288829222261
closed,editor,org.eclipse.jdt.ui,3.6.1.r361_v20100825-0800,"org.eclipse.jdt.ui.CompilationUnitEditor",1288829257330
closed,editor,org.eclipse.jdt.ui,3.6.1.r361_v20100825-0800,"org.eclipse.jdt.ui.CompilationUnitEditor",1288829259993
activated,editor,org.eclipse.jdt.ui,3.6.1.r361_v20100825-0800,"org.eclipse.jdt.ui.CompilationUnitEditor",1288829263400
activated,editor,org.eclipse.jdt.ui,3.6.1.r361_v20100825-0800,"org.eclipse.jdt.ui.CompilationUnitEditor",1288829268169
closed,editor,org.eclipse.jdt.ui,3.6.1.r361_v20100825-0800,"org.eclipse.jdt.ui.CompilationUnitEditor",1288829268169
activated,editor,org.eclipse.jdt.ui,3.6.1.r361_v20100825-0800,"org.eclipse.jdt.ui.CompilationUnitEditor",1288829269399
activated,editor,org.eclipse.jdt.ui,3.6.1.r361_v20100825-0800,"org.eclipse.jdt.ui.CompilationUnitEditor",1288829271216
activated,workbench,org.eclipse.ui.workbench,3.6.1.M20100826-1330,"",1288829273480
deactivated,workbench,org.eclipse.ui.workbench,3.6.1.M20100826-1330,"",1288829273727
activated,workbench,org.eclipse.ui.workbench,3.6.1.M20100826-1330,"",1288829275867
activated,editor,org.eclipse.jdt.ui,3.6.1.r361_v20100825-0800,"org.eclipse.jdt.ui.CompilationUnitEditor",1288829275959
closed,editor,org.eclipse.jdt.ui,3.6.1.r361_v20100825-0800,"org.eclipse.jdt.ui.CompilationUnitEditor",1288829275959
deactivated,workbench,org.eclipse.ui.workbench,3.6.1.M20100826-1330,"",1288829280565
activated,workbench,org.eclipse.ui.workbench,3.6.1.M20100826-1330,"",1288829293502
opened,editor,org.eclipse.jdt.ui,3.6.1.r361_v20100825-0800,"org.eclipse.jdt.ui.CompilationUnitEditor",1288829293676
activated,editor,org.eclipse.jdt.ui,3.6.1.r361_v20100825-0800,"org.eclipse.jdt.ui.CompilationUnitEditor",1288829293723
executed,command,org.eclipse.ui,3.6.1.M20100826-1330,"org.eclipse.ui.file.save",1288829320073
activated,editor,org.eclipse.jdt.ui,3.6.1.r361_v20100825-0800,"org.eclipse.jdt.ui.CompilationUnitEditor",1288829325157
closed,editor,org.eclipse.jdt.ui,3.6.1.r361_v20100825-0800,"org.eclipse.jdt.ui.CompilationUnitEditor",1288829325157
activated,editor,org.eclipse.jdt.ui,3.6.1.r361_v20100825-0800,"org.eclipse.jdt.ui.CompilationUnitEditor",1288829327419
activated,editor,org.eclipse.jdt.ui,3.6.1.r361_v20100825-0800,"org.eclipse.jdt.ui.CompilationUnitEditor",1288829334044
activated,editor,org.eclipse.jdt.ui,3.6.1.r361_v20100825-0800,"org.eclipse.jdt.ui.CompilationUnitEditor",1288829341484
activated,editor,org.eclipse.jdt.ui,3.6.1.r361_v20100825-0800,"org.eclipse.jdt.ui.CompilationUnitEditor",1288829355723
deactivated,workbench,org.eclipse.ui.workbench,3.6.1.M20100826-1330,"",1288829364184
activated,workbench,org.eclipse.ui.workbench,3.6.1.M20100826-1330,"",1288829415932
opened,editor,org.eclipse.jdt.ui,3.6.1.r361_v20100825-0800,"org.eclipse.jdt.ui.CompilationUnitEditor",1288829416110
activated,editor,org.eclipse.jdt.ui,3.6.1.r361_v20100825-0800,"org.eclipse.jdt.ui.CompilationUnitEditor",1288829416164
activated,view,org.eclipse.jdt.ui,3.6.1.r361_v20100825-0800,"org.eclipse.jdt.ui.PackageExplorer",1288829418170
activated,workbench,org.eclipse.ui.workbench,3.6.1.M20100826-1330,"",1288829422251
deactivated,workbench,org.eclipse.ui.workbench,3.6.1.M20100826-1330,"",1288829422357
activated,workbench,org.eclipse.ui.workbench,3.6.1.M20100826-1330,"",1288829428091
executed,command,org.eclipse.jdt.ui,3.6.1.r361_v20100825-0800,"org.eclipse.jdt.ui.edit.text.java.rename.element",1288829428127
deactivated,workbench,org.eclipse.ui.workbench,3.6.1.M20100826-1330,"",1288829435472
activated,workbench,org.eclipse.ui.workbench,3.6.1.M20100826-1330,"",1288829457414
activated,workbench,org.eclipse.ui.workbench,3.6.1.M20100826-1330,"",1288829467772
deactivated,workbench,org.eclipse.ui.workbench,3.6.1.M20100826-1330,"",1288829467831
activated,workbench,org.eclipse.ui.workbench,3.6.1.M20100826-1330,"",1288829473180
activated,editor,org.eclipse.jdt.ui,3.6.1.r361_v20100825-0800,"org.eclipse.jdt.ui.CompilationUnitEditor",1288829478487
activated,editor,org.eclipse.jdt.ui,3.6.1.r361_v20100825-0800,"org.eclipse.jdt.ui.CompilationUnitEditor",1288829499294
activated,editor,org.eclipse.jdt.ui,3.6.1.r361_v20100825-0800,"org.eclipse.jdt.ui.CompilationUnitEditor",1288829501426
activated,editor,org.eclipse.jdt.ui,3.6.1.r361_v20100825-0800,"org.eclipse.jdt.ui.CompilationUnitEditor",1288829502818
activated,view,org.eclipse.jdt.ui,3.6.1.r361_v20100825-0800,"org.eclipse.jdt.ui.PackageExplorer",1288829505259
deactivated,workbench,org.eclipse.ui.workbench,3.6.1.M20100826-1330,"",1288829518931
activated,workbench,org.eclipse.ui.workbench,3.6.1.M20100826-1330,"",1288829525584
activated,workbench,org.eclipse.ui.workbench,3.6.1.M20100826-1330,"",1288829529898
deactivated,workbench,org.eclipse.ui.workbench,3.6.1.M20100826-1330,"",1288829529960
activated,workbench,org.eclipse.ui.workbench,3.6.1.M20100826-1330,"",1288829531906
activated,editor,org.eclipse.jdt.ui,3.6.1.r361_v20100825-0800,"org.eclipse.jdt.ui.CompilationUnitEditor",1288829537884
activated,editor,org.eclipse.jdt.ui,3.6.1.r361_v20100825-0800,"org.eclipse.jdt.ui.CompilationUnitEditor",1288829553101
executed,command,org.eclipse.jdt.ui,3.6.1.r361_v20100825-0800,"org.eclipse.jdt.ui.edit.text.java.rename.element",1288829561118
executed,command,org.eclipse.jdt.ui,3.6.1.r361_v20100825-0800,"org.eclipse.jdt.ui.edit.text.java.rename.element",1288829571621
activated,editor,org.eclipse.jdt.ui,3.6.1.r361_v20100825-0800,"org.eclipse.jdt.ui.CompilationUnitEditor",1288829576662
activated,editor,org.eclipse.jdt.ui,3.6.1.r361_v20100825-0800,"org.eclipse.jdt.ui.CompilationUnitEditor",1288829592451
deactivated,workbench,org.eclipse.ui.workbench,3.6.1.M20100826-1330,"",1288829605419
activated,workbench,org.eclipse.ui.workbench,3.6.1.M20100826-1330,"",1288829606711
activated,editor,org.eclipse.jdt.ui,3.6.1.r361_v20100825-0800,"org.eclipse.jdt.ui.CompilationUnitEditor",1288829607636
activated,view,org.eclipse.jdt.ui,3.6.1.r361_v20100825-0800,"org.eclipse.jdt.ui.PackageExplorer",1288829615883
opened,editor,org.eclipse.jdt.ui,3.6.1.r361_v20100825-0800,"org.eclipse.jdt.ui.CompilationUnitEditor",1288829620183
activated,editor,org.eclipse.jdt.ui,3.6.1.r361_v20100825-0800,"org.eclipse.jdt.ui.CompilationUnitEditor",1288829620239
executed,command,org.eclipse.ui,3.6.1.M20100826-1330,"org.eclipse.ui.file.save",1288829651278
activated,editor,org.eclipse.jdt.ui,3.6.1.r361_v20100825-0800,"org.eclipse.jdt.ui.CompilationUnitEditor",1288829670963
deactivated,workbench,org.eclipse.ui.workbench,3.6.1.M20100826-1330,"",1288829676253
activated,workbench,org.eclipse.ui.workbench,3.6.1.M20100826-1330,"",1288829678118
activated,editor,org.eclipse.jdt.ui,3.6.1.r361_v20100825-0800,"org.eclipse.jdt.ui.CompilationUnitEditor",1288829684995
activated,workbench,org.eclipse.ui.workbench,3.6.1.M20100826-1330,"",1288829702430
deactivated,workbench,org.eclipse.ui.workbench,3.6.1.M20100826-1330,"",1288829702675
activated,workbench,org.eclipse.ui.workbench,3.6.1.M20100826-1330,"",1288829703784
activated,editor,org.eclipse.jdt.ui,3.6.1.r361_v20100825-0800,"org.eclipse.jdt.ui.CompilationUnitEditor",1288829703882
closed,editor,org.eclipse.jdt.ui,3.6.1.r361_v20100825-0800,"org.eclipse.jdt.ui.CompilationUnitEditor",1288829703882
deactivated,workbench,org.eclipse.ui.workbench,3.6.1.M20100826-1330,"",1288829706360
activated,workbench,org.eclipse.ui.workbench,3.6.1.M20100826-1330,"",1288829714359
deactivated,workbench,org.eclipse.ui.workbench,3.6.1.M20100826-1330,"",1288829726834
activated,workbench,org.eclipse.ui.workbench,3.6.1.M20100826-1330,"",1288829736332
opened,editor,org.eclipse.jdt.ui,3.6.1.r361_v20100825-0800,"org.eclipse.jdt.ui.CompilationUnitEditor",1288829736492
activated,editor,org.eclipse.jdt.ui,3.6.1.r361_v20100825-0800,"org.eclipse.jdt.ui.CompilationUnitEditor",1288829736540
executed,command,org.eclipse.ui,3.6.1.M20100826-1330,"org.eclipse.ui.file.save",1288829766069
activated,editor,org.eclipse.jdt.ui,3.6.1.r361_v20100825-0800,"org.eclipse.jdt.ui.CompilationUnitEditor",1288829767390
closed,editor,org.eclipse.jdt.ui,3.6.1.r361_v20100825-0800,"org.eclipse.jdt.ui.CompilationUnitEditor",1288829767390
executed,command,org.eclipse.jdt.ui,3.6.1.r361_v20100825-0800,"org.eclipse.jdt.ui.edit.text.java.rename.element",1288829770404
activated,view,org.eclipse.jdt.ui,3.6.1.r361_v20100825-0800,"org.eclipse.jdt.ui.PackageExplorer",1288829776536
opened,editor,org.eclipse.jdt.ui,3.6.1.r361_v20100825-0800,"org.eclipse.jdt.ui.CompilationUnitEditor",1288829776832
activated,editor,org.eclipse.jdt.ui,3.6.1.r361_v20100825-0800,"org.eclipse.jdt.ui.CompilationUnitEditor",1288829776886
activated,editor,org.eclipse.jdt.ui,3.6.1.r361_v20100825-0800,"org.eclipse.jdt.ui.CompilationUnitEditor",1288829779406
closed,editor,org.eclipse.jdt.ui,3.6.1.r361_v20100825-0800,"org.eclipse.jdt.ui.CompilationUnitEditor",1288829779406
activated,view,org.eclipse.jdt.ui,3.6.1.r361_v20100825-0800,"org.eclipse.jdt.ui.PackageExplorer",1288829785462
activated,editor,org.eclipse.jdt.ui,3.6.1.r361_v20100825-0800,"org.eclipse.jdt.ui.CompilationUnitEditor",1288829786516
executed,command,org.eclipse.jdt.ui,3.6.1.r361_v20100825-0800,"org.eclipse.jdt.ui.edit.text.java.rename.element",1288829789317
activated,editor,org.eclipse.jdt.ui,3.6.1.r361_v20100825-0800,"org.eclipse.jdt.ui.CompilationUnitEditor",1288829794852
closed,editor,org.eclipse.jdt.ui,3.6.1.r361_v20100825-0800,"org.eclipse.jdt.ui.CompilationUnitEditor",1288829794852
deactivated,workbench,org.eclipse.ui.workbench,3.6.1.M20100826-1330,"",1288829800113
activated,workbench,org.eclipse.ui.workbench,3.6.1.M20100826-1330,"",1288829807427
opened,editor,org.eclipse.jdt.ui,3.6.1.r361_v20100825-0800,"org.eclipse.jdt.ui.CompilationUnitEditor",1288829807579
activated,editor,org.eclipse.jdt.ui,3.6.1.r361_v20100825-0800,"org.eclipse.jdt.ui.CompilationUnitEditor",1288829807625
deactivated,workbench,org.eclipse.ui.workbench,3.6.1.M20100826-1330,"",1288829826977
activated,workbench,org.eclipse.ui.workbench,3.6.1.M20100826-1330,"",1288829838066
opened,editor,org.eclipse.jdt.ui,3.6.1.r361_v20100825-0800,"org.eclipse.jdt.ui.CompilationUnitEditor",1288829838215
activated,editor,org.eclipse.jdt.ui,3.6.1.r361_v20100825-0800,"org.eclipse.jdt.ui.CompilationUnitEditor",1288829838262
deactivated,workbench,org.eclipse.ui.workbench,3.6.1.M20100826-1330,"",1288829864903
activated,workbench,org.eclipse.ui.workbench,3.6.1.M20100826-1330,"",1288829873706
opened,editor,org.eclipse.jdt.ui,3.6.1.r361_v20100825-0800,"org.eclipse.jdt.ui.CompilationUnitEditor",1288829873858
activated,editor,org.eclipse.jdt.ui,3.6.1.r361_v20100825-0800,"org.eclipse.jdt.ui.CompilationUnitEditor",1288829873907
executed,command,org.eclipse.ui,3.6.1.M20100826-1330,"org.eclipse.ui.file.save",1288829891796
executed,command,org.eclipse.ui,3.6.1.M20100826-1330,"org.eclipse.ui.file.saveAll",1288829897787
closed,editor,org.eclipse.jdt.ui,3.6.1.r361_v20100825-0800,"org.eclipse.jdt.ui.CompilationUnitEditor",1288829898950
activated,editor,org.eclipse.jdt.ui,3.6.1.r361_v20100825-0800,"org.eclipse.jdt.ui.CompilationUnitEditor",1288829900978
closed,editor,org.eclipse.jdt.ui,3.6.1.r361_v20100825-0800,"org.eclipse.jdt.ui.CompilationUnitEditor",1288829900978
activated,editor,org.eclipse.jdt.ui,3.6.1.r361_v20100825-0800,"org.eclipse.jdt.ui.CompilationUnitEditor",1288829905430
closed,editor,org.eclipse.jdt.ui,3.6.1.r361_v20100825-0800,"org.eclipse.jdt.ui.CompilationUnitEditor",1288829905431
deactivated,workbench,org.eclipse.ui.workbench,3.6.1.M20100826-1330,"",1288829910566
activated,workbench,org.eclipse.ui.workbench,3.6.1.M20100826-1330,"",1288829911514
deactivated,workbench,org.eclipse.ui.workbench,3.6.1.M20100826-1330,"",1288829915961
activated,workbench,org.eclipse.ui.workbench,3.6.1.M20100826-1330,"",1288829921153
opened,editor,org.eclipse.jdt.ui,3.6.1.r361_v20100825-0800,"org.eclipse.jdt.ui.CompilationUnitEditor",1288829921321
activated,editor,org.eclipse.jdt.ui,3.6.1.r361_v20100825-0800,"org.eclipse.jdt.ui.CompilationUnitEditor",1288829921368
executed,command,org.eclipse.ui,3.6.1.M20100826-1330,"org.eclipse.ui.file.save",1288829934060
executed,command,org.eclipse.ui,3.6.1.M20100826-1330,"org.eclipse.ui.file.save",1288829946521
deactivated,workbench,org.eclipse.ui.workbench,3.6.1.M20100826-1330,"",1288829948522
activated,workbench,org.eclipse.ui.workbench,3.6.1.M20100826-1330,"",1288829956523
opened,editor,org.eclipse.jdt.ui,3.6.1.r361_v20100825-0800,"org.eclipse.jdt.ui.CompilationUnitEditor",1288829956687
activated,editor,org.eclipse.jdt.ui,3.6.1.r361_v20100825-0800,"org.eclipse.jdt.ui.CompilationUnitEditor",1288829956754
executed,command,org.eclipse.ui,3.6.1.M20100826-1330,"org.eclipse.ui.file.save",1288829970926
deactivated,workbench,org.eclipse.ui.workbench,3.6.1.M20100826-1330,"",1288829973129
activated,workbench,org.eclipse.ui.workbench,3.6.1.M20100826-1330,"",1288829978435
opened,editor,org.eclipse.jdt.ui,3.6.1.r361_v20100825-0800,"org.eclipse.jdt.ui.CompilationUnitEditor",1288829978591
activated,editor,org.eclipse.jdt.ui,3.6.1.r361_v20100825-0800,"org.eclipse.jdt.ui.CompilationUnitEditor",1288829978640
activated,editor,org.eclipse.jdt.ui,3.6.1.r361_v20100825-0800,"org.eclipse.jdt.ui.CompilationUnitEditor",1288829996706
activated,editor,org.eclipse.jdt.ui,3.6.1.r361_v20100825-0800,"org.eclipse.jdt.ui.CompilationUnitEditor",1288829997738
activated,editor,org.eclipse.jdt.ui,3.6.1.r361_v20100825-0800,"org.eclipse.jdt.ui.CompilationUnitEditor",1288829998819
closed,editor,org.eclipse.jdt.ui,3.6.1.r361_v20100825-0800,"org.eclipse.jdt.ui.CompilationUnitEditor",1288829998819
activated,editor,org.eclipse.jdt.ui,3.6.1.r361_v20100825-0800,"org.eclipse.jdt.ui.CompilationUnitEditor",1288830003277
closed,editor,org.eclipse.jdt.ui,3.6.1.r361_v20100825-0800,"org.eclipse.jdt.ui.CompilationUnitEditor",1288830003277
activated,workbench,org.eclipse.ui.workbench,3.6.1.M20100826-1330,"",1288830004693
deactivated,workbench,org.eclipse.ui.workbench,3.6.1.M20100826-1330,"",1288830004930
activated,workbench,org.eclipse.ui.workbench,3.6.1.M20100826-1330,"",1288830006086
activated,editor,org.eclipse.jdt.ui,3.6.1.r361_v20100825-0800,"org.eclipse.jdt.ui.CompilationUnitEditor",1288830006183
closed,editor,org.eclipse.jdt.ui,3.6.1.r361_v20100825-0800,"org.eclipse.jdt.ui.CompilationUnitEditor",1288830006183
deactivated,workbench,org.eclipse.ui.workbench,3.6.1.M20100826-1330,"",1288830009095
activated,workbench,org.eclipse.ui.workbench,3.6.1.M20100826-1330,"",1288830014485
opened,editor,org.eclipse.jdt.ui,3.6.1.r361_v20100825-0800,"org.eclipse.jdt.ui.CompilationUnitEditor",1288830014643
activated,editor,org.eclipse.jdt.ui,3.6.1.r361_v20100825-0800,"org.eclipse.jdt.ui.CompilationUnitEditor",1288830014689
deactivated,workbench,org.eclipse.ui.workbench,3.6.1.M20100826-1330,"",1288830032454
activated,workbench,org.eclipse.ui.workbench,3.6.1.M20100826-1330,"",1288830044446
opened,editor,org.eclipse.jdt.ui,3.6.1.r361_v20100825-0800,"org.eclipse.jdt.ui.CompilationUnitEditor",1288830044597
activated,editor,org.eclipse.jdt.ui,3.6.1.r361_v20100825-0800,"org.eclipse.jdt.ui.CompilationUnitEditor",1288830044645
deactivated,workbench,org.eclipse.ui.workbench,3.6.1.M20100826-1330,"",1288830068304
activated,workbench,org.eclipse.ui.workbench,3.6.1.M20100826-1330,"",1288830068892
activated,view,org.eclipse.jdt.ui,3.6.1.r361_v20100825-0800,"org.eclipse.jdt.ui.PackageExplorer",1288830072248
opened,editor,org.eclipse.jdt.ui,3.6.1.r361_v20100825-0800,"org.eclipse.jdt.ui.CompilationUnitEditor",1288830073059
activated,editor,org.eclipse.jdt.ui,3.6.1.r361_v20100825-0800,"org.eclipse.jdt.ui.CompilationUnitEditor",1288830073115
activated,view,org.eclipse.jdt.ui,3.6.1.r361_v20100825-0800,"org.eclipse.jdt.ui.PackageExplorer",1288830073896
opened,editor,org.eclipse.jdt.ui,3.6.1.r361_v20100825-0800,"org.eclipse.jdt.ui.CompilationUnitEditor",1288830074213
activated,editor,org.eclipse.jdt.ui,3.6.1.r361_v20100825-0800,"org.eclipse.jdt.ui.CompilationUnitEditor",1288830074270
activated,view,org.eclipse.jdt.ui,3.6.1.r361_v20100825-0800,"org.eclipse.jdt.ui.PackageExplorer",1288830074713
opened,editor,org.eclipse.jdt.ui,3.6.1.r361_v20100825-0800,"org.eclipse.jdt.ui.CompilationUnitEditor",1288830075713
activated,editor,org.eclipse.jdt.ui,3.6.1.r361_v20100825-0800,"org.eclipse.jdt.ui.CompilationUnitEditor",1288830075768
activated,view,org.eclipse.jdt.ui,3.6.1.r361_v20100825-0800,"org.eclipse.jdt.ui.PackageExplorer",1288830076520
opened,editor,org.eclipse.jdt.ui,3.6.1.r361_v20100825-0800,"org.eclipse.jdt.ui.CompilationUnitEditor",1288830076833
activated,editor,org.eclipse.jdt.ui,3.6.1.r361_v20100825-0800,"org.eclipse.jdt.ui.CompilationUnitEditor",1288830076906
activated,view,org.eclipse.jdt.ui,3.6.1.r361_v20100825-0800,"org.eclipse.jdt.ui.PackageExplorer",1288830077349
activated,editor,org.eclipse.jdt.ui,3.6.1.r361_v20100825-0800,"org.eclipse.jdt.ui.CompilationUnitEditor",1288830077611
activated,view,org.eclipse.jdt.ui,3.6.1.r361_v20100825-0800,"org.eclipse.jdt.ui.PackageExplorer",1288830078128
opened,editor,org.eclipse.jdt.ui,3.6.1.r361_v20100825-0800,"org.eclipse.jdt.ui.CompilationUnitEditor",1288830078394
activated,editor,org.eclipse.jdt.ui,3.6.1.r361_v20100825-0800,"org.eclipse.jdt.ui.CompilationUnitEditor",1288830078452
activated,view,org.eclipse.jdt.ui,3.6.1.r361_v20100825-0800,"org.eclipse.jdt.ui.PackageExplorer",1288830078952
opened,editor,org.eclipse.jdt.ui,3.6.1.r361_v20100825-0800,"org.eclipse.jdt.ui.CompilationUnitEditor",1288830079241
activated,editor,org.eclipse.jdt.ui,3.6.1.r361_v20100825-0800,"org.eclipse.jdt.ui.CompilationUnitEditor",1288830079310
activated,view,org.eclipse.jdt.ui,3.6.1.r361_v20100825-0800,"org.eclipse.jdt.ui.PackageExplorer",1288830079753
opened,editor,org.eclipse.jdt.ui,3.6.1.r361_v20100825-0800,"org.eclipse.jdt.ui.CompilationUnitEditor",1288830080020
activated,editor,org.eclipse.jdt.ui,3.6.1.r361_v20100825-0800,"org.eclipse.jdt.ui.CompilationUnitEditor",1288830080075
activated,view,org.eclipse.jdt.ui,3.6.1.r361_v20100825-0800,"org.eclipse.jdt.ui.PackageExplorer",1288830080603
activated,editor,org.eclipse.jdt.ui,3.6.1.r361_v20100825-0800,"org.eclipse.jdt.ui.CompilationUnitEditor",1288830080815
activated,view,org.eclipse.jdt.ui,3.6.1.r361_v20100825-0800,"org.eclipse.jdt.ui.PackageExplorer",1288830081921
opened,editor,org.eclipse.jdt.ui,3.6.1.r361_v20100825-0800,"org.eclipse.jdt.ui.CompilationUnitEditor",1288830082178
activated,editor,org.eclipse.jdt.ui,3.6.1.r361_v20100825-0800,"org.eclipse.jdt.ui.CompilationUnitEditor",1288830082234
executed,command,org.eclipse.ui,3.6.1.M20100826-1330,"org.eclipse.ui.file.save",1288830086850
activated,editor,org.eclipse.jdt.ui,3.6.1.r361_v20100825-0800,"org.eclipse.jdt.ui.CompilationUnitEditor",1288830088611
closed,editor,org.eclipse.jdt.ui,3.6.1.r361_v20100825-0800,"org.eclipse.jdt.ui.CompilationUnitEditor",1288830088611
executed,command,org.eclipse.ui,3.6.1.M20100826-1330,"org.eclipse.ui.file.save",1288830093251
activated,editor,org.eclipse.jdt.ui,3.6.1.r361_v20100825-0800,"org.eclipse.jdt.ui.CompilationUnitEditor",1288830094119
closed,editor,org.eclipse.jdt.ui,3.6.1.r361_v20100825-0800,"org.eclipse.jdt.ui.CompilationUnitEditor",1288830094119
executed,command,org.eclipse.ui,3.6.1.M20100826-1330,"org.eclipse.ui.file.save",1288830101022
activated,editor,org.eclipse.jdt.ui,3.6.1.r361_v20100825-0800,"org.eclipse.jdt.ui.CompilationUnitEditor",1288830102060
closed,editor,org.eclipse.jdt.ui,3.6.1.r361_v20100825-0800,"org.eclipse.jdt.ui.CompilationUnitEditor",1288830102060
executed,command,org.eclipse.ui,3.6.1.M20100826-1330,"org.eclipse.ui.file.save",1288830105607
started,bundle,org.eclipse.mylyn.java.tasks,3.4.0.v20100608-0100-e3x,"org.eclipse.mylyn.java.tasks",1288830105759
activated,editor,org.eclipse.jdt.ui,3.6.1.r361_v20100825-0800,"org.eclipse.jdt.ui.CompilationUnitEditor",1288830106748
closed,editor,org.eclipse.jdt.ui,3.6.1.r361_v20100825-0800,"org.eclipse.jdt.ui.CompilationUnitEditor",1288830106748
executed,command,org.eclipse.ui,3.6.1.M20100826-1330,"org.eclipse.ui.file.save",1288830111312
activated,editor,org.eclipse.jdt.ui,3.6.1.r361_v20100825-0800,"org.eclipse.jdt.ui.CompilationUnitEditor",1288830113203
closed,editor,org.eclipse.jdt.ui,3.6.1.r361_v20100825-0800,"org.eclipse.jdt.ui.CompilationUnitEditor",1288830113203
executed,command,org.eclipse.ui,3.6.1.M20100826-1330,"org.eclipse.ui.file.save",1288830116618
activated,editor,org.eclipse.jdt.ui,3.6.1.r361_v20100825-0800,"org.eclipse.jdt.ui.CompilationUnitEditor",1288830118019
closed,editor,org.eclipse.jdt.ui,3.6.1.r361_v20100825-0800,"org.eclipse.jdt.ui.CompilationUnitEditor",1288830118019
executed,command,org.eclipse.ui,3.6.1.M20100826-1330,"org.eclipse.ui.file.save",1288830121332
activated,editor,org.eclipse.jdt.ui,3.6.1.r361_v20100825-0800,"org.eclipse.jdt.ui.CompilationUnitEditor",1288830123378
closed,editor,org.eclipse.jdt.ui,3.6.1.r361_v20100825-0800,"org.eclipse.jdt.ui.CompilationUnitEditor",1288830123378
executed,command,org.eclipse.ui,3.6.1.M20100826-1330,"org.eclipse.ui.file.save",1288830126213
activated,editor,org.eclipse.jdt.ui,3.6.1.r361_v20100825-0800,"org.eclipse.jdt.ui.CompilationUnitEditor",1288830128283
closed,editor,org.eclipse.jdt.ui,3.6.1.r361_v20100825-0800,"org.eclipse.jdt.ui.CompilationUnitEditor",1288830128283
executed,command,org.eclipse.ui,3.6.1.M20100826-1330,"org.eclipse.ui.file.save",1288830131413
activated,editor,org.eclipse.jdt.ui,3.6.1.r361_v20100825-0800,"org.eclipse.jdt.ui.CompilationUnitEditor",1288830133034
closed,editor,org.eclipse.jdt.ui,3.6.1.r361_v20100825-0800,"org.eclipse.jdt.ui.CompilationUnitEditor",1288830133034
executed,command,org.eclipse.ui,3.6.1.M20100826-1330,"org.eclipse.ui.file.save",1288830135693
activated,editor,org.eclipse.jdt.ui,3.6.1.r361_v20100825-0800,"org.eclipse.jdt.ui.CompilationUnitEditor",1288830137008
closed,editor,org.eclipse.jdt.ui,3.6.1.r361_v20100825-0800,"org.eclipse.jdt.ui.CompilationUnitEditor",1288830137008
activated,view,org.eclipse.jdt.ui,3.6.1.r361_v20100825-0800,"org.eclipse.jdt.ui.PackageExplorer",1288830140788
opened,editor,org.eclipse.jdt.ui,3.6.1.r361_v20100825-0800,"org.eclipse.jdt.ui.CompilationUnitEditor",1288830141054
activated,editor,org.eclipse.jdt.ui,3.6.1.r361_v20100825-0800,"org.eclipse.jdt.ui.CompilationUnitEditor",1288830141110
activated,editor,org.eclipse.jdt.ui,3.6.1.r361_v20100825-0800,"org.eclipse.jdt.ui.CompilationUnitEditor",1288830143708
closed,editor,org.eclipse.jdt.ui,3.6.1.r361_v20100825-0800,"org.eclipse.jdt.ui.CompilationUnitEditor",1288830143708
deactivated,workbench,org.eclipse.ui.workbench,3.6.1.M20100826-1330,"",1288830149431
activated,workbench,org.eclipse.ui.workbench,3.6.1.M20100826-1330,"",1288830156876
opened,editor,org.eclipse.jdt.ui,3.6.1.r361_v20100825-0800,"org.eclipse.jdt.ui.CompilationUnitEditor",1288830157024
activated,editor,org.eclipse.jdt.ui,3.6.1.r361_v20100825-0800,"org.eclipse.jdt.ui.CompilationUnitEditor",1288830157077
executed,command,org.eclipse.ui,3.6.1.M20100826-1330,"org.eclipse.ui.file.save",1288830172539
activated,editor,org.eclipse.jdt.ui,3.6.1.r361_v20100825-0800,"org.eclipse.jdt.ui.CompilationUnitEditor",1288830173807
closed,editor,org.eclipse.jdt.ui,3.6.1.r361_v20100825-0800,"org.eclipse.jdt.ui.CompilationUnitEditor",1288830173807
deactivated,workbench,org.eclipse.ui.workbench,3.6.1.M20100826-1330,"",1288830174687
activated,workbench,org.eclipse.ui.workbench,3.6.1.M20100826-1330,"",1288830181535
opened,editor,org.eclipse.jdt.ui,3.6.1.r361_v20100825-0800,"org.eclipse.jdt.ui.CompilationUnitEditor",1288830181688
activated,editor,org.eclipse.jdt.ui,3.6.1.r361_v20100825-0800,"org.eclipse.jdt.ui.CompilationUnitEditor",1288830181732
executed,command,org.eclipse.ui,3.6.1.M20100826-1330,"org.eclipse.ui.file.save",1288830202691
activated,editor,org.eclipse.jdt.ui,3.6.1.r361_v20100825-0800,"org.eclipse.jdt.ui.CompilationUnitEditor",1288830203689
closed,editor,org.eclipse.jdt.ui,3.6.1.r361_v20100825-0800,"org.eclipse.jdt.ui.CompilationUnitEditor",1288830203689
executed,command,org.eclipse.ui,3.6.1.M20100826-1330,"org.eclipse.ui.file.close",1288830203699
deactivated,workbench,org.eclipse.ui.workbench,3.6.1.M20100826-1330,"",1288830208066
activated,workbench,org.eclipse.ui.workbench,3.6.1.M20100826-1330,"",1288830215034
opened,editor,org.eclipse.jdt.ui,3.6.1.r361_v20100825-0800,"org.eclipse.jdt.ui.CompilationUnitEditor",1288830215181
activated,editor,org.eclipse.jdt.ui,3.6.1.r361_v20100825-0800,"org.eclipse.jdt.ui.CompilationUnitEditor",1288830215233
executed,command,org.eclipse.ui,3.6.1.M20100826-1330,"org.eclipse.ui.file.save",1288830232151
activated,editor,org.eclipse.jdt.ui,3.6.1.r361_v20100825-0800,"org.eclipse.jdt.ui.CompilationUnitEditor",1288830234395
closed,editor,org.eclipse.jdt.ui,3.6.1.r361_v20100825-0800,"org.eclipse.jdt.ui.CompilationUnitEditor",1288830234395
activated,editor,org.eclipse.jdt.ui,3.6.1.r361_v20100825-0800,"org.eclipse.jdt.ui.CompilationUnitEditor",1288830236057
closed,editor,org.eclipse.jdt.ui,3.6.1.r361_v20100825-0800,"org.eclipse.jdt.ui.CompilationUnitEditor",1288830236057
